{"cameraMode":{"drawMode":0,"name":"Shaded","section":"Shading Mode"},"sceneLighting":false,"audioPlay":false,"sceneViewState":{"m_AlwaysRefresh":false,"showFog":true,"showSkybox":false,"showFlares":true,"showImageEffects":true,"showParticleSystems":true,"showVisualEffectGraphs":true,"m_FxEnabled":true},"in2DMode":false,"pivot":{"x":2.8356566429138185,"y":2.202873468399048,"z":0.7906694412231445},"rotation":{"x":0.1363997757434845,"y":0.002972931368276477,"z":-0.00047468769480474293,"w":0.990795910358429},"size":0.5556157231330872,"orthographic":false}